site	trade
yak-k	house
kuniedatoso	paint
tatsukenhome	house
kg-koketsu	metal
shin-ei	(枠)
nakakoma	house
yamanaka-denki	kaden
shimizukako	(枠)
ymcomp	wood
reliable	house
ek-kinzoku	metal
setta	roof
ogawakagu	wood
fdo-san	estate
igawa-kk	setsubi
bestroof	mroof
itochu-tosou	paint
hoowaa	setsubi
kurachi	wood
suzupro	(枠)
yamashita-reiki	setsubi
ito-kikinzoku	jewelry
kizai-tecto	concrete
brightsign	(枠)
jpms	(枠)
kankyo-enesystem	solar
sousekkei	house
hasegawa-koumuten	civil
suzuki-bankin	mroof
aotec	solar
fujimoto-kogei	wood
nikoniko-zoen	garden
takeuchi-yokuso	setsubi
chukyo-sports	sports
naito-koumuten	house
ichikawa-mokko	wood
amemiya-kensetsu	house
asahi-homes	house
asada-denki	electric
dai6	concrete
artic-homes	estate
funakata	kaden
youi-factory	house
jpaintm	paint
rm-company	setsubi
chukyo-giken	setsubi
marukou	(枠)
c-sanei	(枠)
sanki-kohmuten	house
hinode-j	estate
itozen	estate
ask-kk	house
shinei-fp	house
tam-cp	setsubi
toueidenki	electric
e-kaken	setsubi
kaneshiki	electric
yamaguchi-gyoumuten	paint
kyokuryo	bath
nankai	electric
fmkk	wood
sansyodo	house
reform-aiti	estate
sanyuhousing	estate
kamimura-mekki	mekki
kaboku	nursery
matsuoka-arch	house
toei-iak	setsubi
miuratoso	paint
to-yo-kensho	house
tsugeburo	bath
nesystem	panel
oriental-air	setsubi
okamoto8	mold
designoar	house
idhomestudio	house
remake-tokai	paint
airgiken	setsubi
narita-dengyo	electric
space-hirano	estate
furukawa-kensetsu	civil
kuwahara-mokuzai	wood
tsuchiya-denki	electric
living-kondo	setsubi
aduma	house
hasegawa-garasu	glass
maruta-sekitozai	stone
nagao-zoen	garden
hirai-kogyo	setsubi
iwado	metal
senshou	house
hashiba-denki	electric
sacras	estate
nagai-sekkei	house
