yak-k	https://www.yak-k.co.jp/	吉田建設㈱
kuniedatoso	https://kuniedatoso.com/	有限会社国枝塗装
tatsukenhome	https://www.tatsukenhome.com/	株式会社タツケンホーム
shin-ei	http://www.shin-ei-sangyou.co.jp	進英産業株式会社
nakakoma	http://www.nakakoma.co.jp/index.html	中駒産業株式会社
yamanaka-denki	http://www.ric.hi-ho.ne.jp/yamanakadenki/	有限会社山中電器
shimizukako	http://shimizukako.com	株式会社志水化工
ymcomp	http://www.ymcomp.net/index.html	有限会社山田木工
reliable	https://www.reliable-corp.jp	株式会社リライブル
ek-kinzoku	https://www.ek-kinzoku.jp/index.html	栄幸金属株式会社
setta	http://setta.co.jp	株式会社セッタ
ogawakagu	http://www.ogawakagu.com/index.html	株式会社小川木工家具センター
fdo-san	https://www.fdo-san.co.jp/index.html	株式会社尾張不動産会館
igawa-kk	http://www.igawa-kk.jp	井川工業株式会社
bestroof	https://www.bestroof.co.jp/index.html	有限会社ベストルーフ
itochu-tosou	https://itochu-tosou.co.jp	有限会社伊藤忠塗装
hoowaa	https://www.hoowaa.co.jp/index.html	朋和設備工業株式会社
kurachi	https://www.kurachi-seisakusho.co.jp/index.html	株式会社倉知製作所
suzupro	https://www.suzupro.com	株式会社スズプロ
yamashita-reiki	https://www.yamashita-reiki.jp	株式会社ヤマシタ冷機
