furukawa-kensetsu	https://blog.livedoor.jp/furukawakensetsu/	古川建設株式会社
kuwahara-mokuzai	http://kuwahara-mokuzai.jp	桑原木材工業株式会社
tsuchiya-denki	http://www.hi-ho.ne.jp/tsuchiyadenki/	株式会社土屋電気商会
living-kondo	https://www.living-kondo.co.jp	有限会社リビング近藤
aduma	http://www.kk-aduma.co.jp	株式会社アヅマ
hasegawa-garasu	https://www.hasegawa-garasu.jp	長谷川硝子株式会社
maruta-sekitozai	https://www.marutasekitouzai.co.jp	丸太石陶材株式会社
nagao-zoen	https://www.green-doctor.jp	有限会社長尾造園
hirai-kogyo	https://hiraikogyo.com	平井工業株式会社
okumura-bp	https://okumura-bp.storeinfo.jp	有限会社奥村鈑金塗装
iwado	https://www.iwado.co.jp	岩戸工業株式会社
senshou	https://www.senshou.co.jp	千勝建設株式会社
hashiba-denki	http://www.hashiba-e.net	羽柴電気工事株式会社
sacras	http://sacnet.co.jp	株式会社サクラス
nagai-sekkei	http://ns-home.co.jp	株式会社永井設計工務
